probed_at,platform,trigger,expected_us_date,expected_tw_date,ixic_latest,sox_latest,taiex_latest,inst_latest,margin_latest,errors
2026-10-06T16:50:55+08:00,github_actions,workflow_dispatch,2026-10-05,2026-10-05,2026-10-05,2026-10-05,2026-10-06,2026-10-06,2026-10-05,0
2026-10-07T04:03:08+08:00,github_actions,schedule,2026-10-06,2026-10-06,2026-10-05,2026-10-05,2026-10-06,2026-10-06,2026-10-06,0
2026-10-07T04:39:47+08:00,github_actions,schedule,2026-10-06,2026-10-06,2026-10-05,2026-10-05,2026-10-06,2026-10-06,2026-10-06,0
2026-10-07T05:02:51+08:00,github_actions,schedule,2026-10-06,2026-10-06,2026-10-05,2026-10-05,2026-10-06,2026-10-06,2026-10-06,0
2026-10-07T05:37:52+08:00,github_actions,schedule,2026-10-06,2026-10-06,2026-10-05,2026-10-05,2026-10-06,2026-10-06,2026-10-06,0
2026-10-07T06:02:35+08:00,github_actions,schedule,2026-10-06,2026-10-06,2026-10-05,2026-10-05,2026-10-06,2026-10-06,2026-10-06,0
2026-10-07T06:38:06+08:00,github_actions,schedule,2026-10-06,2026-10-06,2026-10-05,2026-10-05,2026-10-06,2026-10-06,2026-10-06,0
2026-10-07T07:02:48+08:00,github_actions,schedule,2026-10-06,2026-10-06,2026-10-05,2026-10-05,2026-10-06,2026-10-06,2026-10-06,0
2026-10-07T07:37:26+08:00,github_actions,schedule,2026-10-06,2026-10-06,2026-10-06,2026-10-06,2026-10-06,2026-10-06,2026-10-06,0
2026-10-07T08:12:43+08:00,github_actions,schedule,2026-10-06,2026-10-06,2026-10-06,2026-10-06,2026-10-06,2026-10-06,2026-10-06,0
